Geogname,Year,Datagroup,Diseases of the Respiratory System,Infectious and Parasitic Diseases,Respiratory System: asthma,Respiratory System: Pneumonia,Males,Females,Both Genders,min temperature,max temperature,Respiratory System: COPD
0,1997,1,780,184,4,57,807,630,1437,-2.9,17.9,11
0,2000,1,615,144,2,54,772,621,1393,-2.9,17.9,11
0,1995,1,1102,245,8,79,876,702,1578,-2.9,17.9,13
0,1998,1,785,171,3,52,784,635,1419,-2.9,17.9,13
0,1999,1,809,177,4,65,779,624,1403,-2.9,17.9,15
0,1996,1,928,240,7,54,847,651,1498,-2.9,17.9,20
0,1998,0,2484,433,3,95,587,591,1178,-2.9,17.9,22
0,1999,0,2188,432,8,87,592,559,1151,-2.9,17.9,23
0,2000,0,1700,378,7,90,543,559,1102,-2.9,17.9,27
0,1996,0,2634,441,12,95,606,625,1231,-2.9,17.9,32
0,1997,0,2430,436,6,95,610,587,1197,-2.9,17.9,34
0,1995,0,3152,499,14,93,635,606,1241,-2.9,17.9,43
0,1996,2,1156,169,13,95,1045,936,1981,-2.9,17.9,59
0,1995,2,1137,199,15,87,1048,946,1994,-2.9,17.9,69
0,1999,2,1113,180,12,93,1020,938,1958,-2.9,17.9,69
0,1998,2,1134,169,13,91,1017,936,1953,-2.9,17.9,71
0,1997,2,1194,196,17,94,1024,931,1955,-2.9,17.9,73
0,2000,2,1045,187,13,90,1020,944,1964,-2.9,17.9,78
0,1995,3,4623,517,30,129,1193,1180,2373,-2.9,17.9,124
0,1996,3,4754,448,32,128,1180,1173,2353,-2.9,17.9,124
0,1997,3,5161,487,28,133,1179,1174,2353,-2.9,17.9,127
0,1998,3,5160,450,26,131,1183,1158,2341,-2.9,17.9,127
0,2000,3,4436,393,19,132,1165,1160,2325,-2.9,17.9,128
0,1999,3,5117,410,23,130,1185,1170,2355,-2.9,17.9,129
0,1998,4,9563,1223,45,369,3571,3320,6891,-2.9,17.9,233
0,1996,4,9472,1298,64,372,3678,3385,7063,-2.9,17.9,235
0,1999,4,9227,1199,47,375,3576,3291,6867,-2.9,17.9,236
0,2000,4,7796,1102,41,366,3500,3284,6784,-2.9,17.9,244
0,1997,4,9565,1303,55,379,3620,3322,6942,-2.9,17.9,245
0,1995,4,10014,1460,67,388,3752,3434,7186,-2.9,17.9,249
1,1995,1,23,6,0,5,55,46,101,-1.4,18.3,0
1,1996,1,11,4,0,1,50,41,91,-1.4,18.3,0
1,1997,1,16,1,0,1,54,31,85,-1.4,18.3,0
1,1998,1,8,2,0,1,51,36,87,-1.4,18.3,0
1,1998,0,53,9,0,6,37,34,71,-1.4,18.3,1
1,1999,1,11,8,0,3,45,44,89,-1.4,18.3,1
1,2000,1,12,5,0,1,60,37,97,-1.4,18.3,1
1,1995,2,20,1,1,4,73,70,143,-1.4,18.3,2
1,1996,0,54,4,0,5,31,41,72,-1.4,18.3,2
1,1999,2,24,11,1,7,93,66,159,-1.4,18.3,2
1,1997,0,58,7,0,6,33,40,73,-1.4,18.3,3
1,1997,2,25,7,0,6,80,65,145,-1.4,18.3,3
1,1999,0,36,8,0,4,29,31,60,-1.4,18.3,3
1,1996,2,29,1,1,6,82,66,148,-1.4,18.3,4
1,1998,2,31,3,0,7,80,75,155,-1.4,18.3,4
1,2000,0,51,6,2,6,27,37,64,-1.4,18.3,4
1,1995,0,63,5,1,6,33,38,71,-1.4,18.3,5
1,2000,2,28,3,0,9,89,78,167,-1.4,18.3,7
1,1996,3,149,11,0,12,111,98,209,-1.4,18.3,10
1,1998,3,158,15,0,13,104,105,209,-1.4,18.3,11
1,2000,3,169,24,1,13,110,115,225,-1.4,18.3,11
1,1995,3,156,19,0,13,113,105,218,-1.4,18.3,12
1,1997,3,193,17,0,13,107,113,220,-1.4,18.3,12
1,1999,3,214,14,5,13,112,115,227,-1.4,18.3,12
1,1996,4,243,20,1,24,274,246,520,-1.4,18.3,16
1,1998,4,250,29,0,27,272,250,522,-1.4,18.3,16
1,1997,4,292,32,0,26,274,249,523,-1.4,18.3,18
1,1999,4,285,41,6,27,279,256,535,-1.4,18.3,18
1,1995,4,262,31,2,28,274,259,533,-1.4,18.3,19
1,2000,4,260,38,3,29,286,267,553,-1.4,18.3,23
2,1995,1,18,2,0,2,35,32,67,-2.692308,17.523077,0
2,1999,1,13,7,0,3,40,29,69,-2.692308,17.523077,0
2,2000,1,6,5,0,4,35,29,64,-2.692308,17.523077,0
2,1996,1,19,8,0,2,43,29,72,-2.692308,17.523077,1
2,1997,1,25,5,0,5,37,28,65,-2.692308,17.523077,1
2,1998,1,25,3,0,3,36,28,64,-2.692308,17.523077,2
2,1995,2,26,7,2,3,49,41,90,-2.692308,17.523077,3
2,1997,2,33,5,0,5,48,42,90,-2.692308,17.523077,3
2,1998,0,95,9,1,6,31,30,61,-2.692308,17.523077,3
2,1996,2,33,5,2,5,49,43,92,-2.692308,17.523077,4
2,1997,0,83,5,0,5,24,28,52,-2.692308,17.523077,4
2,1998,2,33,8,1,4,48,45,93,-2.692308,17.523077,4
2,1999,0,65,9,0,4,30,32,62,-2.692308,17.523077,4
2,2000,2,29,4,0,6,49,44,93,-2.692308,17.523077,4
2,1996,0,89,16,1,6,33,30,63,-2.692308,17.523077,5
2,1999,2,49,7,1,5,51,47,98,-2.692308,17.523077,5
2,2000,0,64,7,0,6,26,30,56,-2.692308,17.523077,5
2,1995,0,102,15,0,5,37,28,65,-2.692308,17.523077,6
2,1995,3,132,19,2,6,52,56,108,-2.692308,17.523077,6
2,1996,3,148,14,2,6,56,57,113,-2.692308,17.523077,6
2,1997,3,163,14,1,6,55,52,107,-2.692308,17.523077,6
2,1998,3,174,19,1,6,55,52,107,-2.692308,17.523077,6
2,1999,3,156,21,0,6,53,55,108,-2.692308,17.523077,6
2,2000,3,169,16,0,6,55,53,108,-2.692308,17.523077,6
2,1997,4,304,29,1,21,164,150,314,-2.692308,17.523077,14
2,1995,4,278,43,4,16,173,157,330,-2.692308,17.523077,15
2,1998,4,327,39,3,19,170,155,325,-2.692308,17.523077,15
2,1999,4,283,44,1,18,174,163,337,-2.692308,17.523077,15
2,2000,4,268,32,0,22,165,156,321,-2.692308,17.523077,15
2,1996,4,289,43,5,19,181,159,340,-2.692308,17.523077,16
3,1995,1,208,31,1,5,39,31,70,-3,17.8,1
3,1999,1,121,18,1,4,34,29,63,-3,17.8,1
3,2000,0,322,52,1,6,34,34,68,-3,17.8,1
3,1995,0,537,96,1,6,32,30,62,-3,17.8,2
3,1996,0,469,88,0,5,27,36,63,-3,17.8,2
3,1996,1,166,27,2,2,35,33,68,-3,17.8,2
3,1996,2,221,23,2,3,39,35,74,-3,17.8,2
3,1997,1,119,16,1,3,36,35,71,-3,17.8,2
3,1998,0,433,82,1,4,32,36,68,-3,17.8,2
3,1998,1,115,12,1,3,34,34,68,-3,17.8,2
3,1999,0,411,84,1,5,35,30,65,-3,17.8,2
3,2000,1,108,9,0,4,36,32,68,-3,17.8,2
3,2000,2,196,20,2,3,38,37,75,-3,17.8,2
3,1996,3,700,51,2,3,27,28,55,-3,17.8,3
3,1997,0,425,110,1,5,30,37,67,-3,17.8,3
3,1997,3,807,71,2,4,29,34,63,-3,17.8,3
3,1998,2,197,34,2,3,40,34,74,-3,17.8,3
3,1999,2,163,19,1,5,44,35,79,-3,17.8,3
3,1995,2,226,21,2,4,38,38,76,-3,17.8,4
3,1995,3,694,58,2,4,32,35,67,-3,17.8,4
3,1997,2,236,22,2,5,39,32,71,-3,17.8,4
3,1998,3,677,82,1,3,31,30,61,-3,17.8,4
3,1999,3,714,64,1,4,33,28,61,-3,17.8,4
3,2000,3,590,69,2,4,35,34,69,-3,17.8,4
3,1996,4,1556,189,6,13,128,132,260,-3,17.8,9
3,2000,4,1216,150,5,17,143,137,280,-3,17.8,9
3,1999,4,1409,185,4,18,146,122,268,-3,17.8,10
3,1995,4,1665,206,6,19,141,134,275,-3,17.8,11
3,1998,4,1422,210,5,13,137,134,271,-3,17.8,11
3,1997,4,1587,219,6,17,134,138,272,-3,17.8,12
4,1995,1,39,13,1,4,70,50,120,-2.692308,17.523077,0
4,1998,1,31,10,0,3,64,53,117,-2.692308,17.523077,0
4,1999,1,37,10,0,8,65,52,117,-2.692308,17.523077,0
4,1996,1,44,5,0,7,64,50,114,-2.692308,17.523077,1
4,1997,1,34,7,0,3,65,55,120,-2.692308,17.523077,1
4,1998,0,165,31,0,6,53,49,102,-2.692308,17.523077,1
4,1999,0,150,25,2,5,47,45,92,-2.692308,17.523077,1
4,2000,0,127,32,0,7,51,48,99,-2.692308,17.523077,1
4,2000,1,29,7,0,3,60,46,106,-2.692308,17.523077,1
4,1996,0,182,30,2,8,52,55,107,-2.692308,17.523077,3
4,1996,2,60,11,1,10,86,74,160,-2.692308,17.523077,3
4,1997,0,189,31,0,7,53,46,99,-2.692308,17.523077,3
4,1995,0,266,32,2,10,55,49,104,-2.692308,17.523077,4
4,1998,2,49,5,1,6,77,76,153,-2.692308,17.523077,4
4,1995,2,50,9,0,7,87,71,158,-2.692308,17.523077,5
4,1997,2,37,9,2,4,82,67,149,-2.692308,17.523077,5
4,1999,2,66,8,2,10,81,82,163,-2.692308,17.523077,6
4,2000,2,60,12,1,8,83,74,157,-2.692308,17.523077,8
4,1995,3,219,33,3,9,95,85,180,-2.692308,17.523077,9
4,1997,3,254,21,4,10,92,90,182,-2.692308,17.523077,9
4,1996,3,269,28,6,10,88,98,186,-2.692308,17.523077,10
4,1998,3,271,20,0,9,93,89,182,-2.692308,17.523077,10
4,2000,3,251,24,0,12,92,90,182,-2.692308,17.523077,10
4,1999,3,286,19,0,11,94,91,185,-2.692308,17.523077,11
4,1998,4,516,66,1,24,287,267,554,-2.692308,17.523077,15
4,1996,4,555,74,9,35,290,277,567,-2.692308,17.523077,17
4,1995,4,574,87,6,30,307,255,562,-2.692308,17.523077,18
4,1997,4,514,68,6,24,292,258,550,-2.692308,17.523077,18
4,1999,4,539,62,4,34,287,270,557,-2.692308,17.523077,18
4,2000,4,467,75,1,30,286,258,544,-2.692308,17.523077,20
5,1996,0,164,14,0,11,62,58,120,-2.692308,17.523077,0
5,2000,1,13,5,0,3,57,60,117,-2.692308,17.523077,0
5,1995,1,31,8,0,6,87,59,146,-2.692308,17.523077,1
5,1997,1,35,10,0,5,78,63,141,-2.692308,17.523077,2
5,1998,0,119,23,0,8,50,55,105,-2.692308,17.523077,2
5,1999,1,20,6,0,6,65,58,123,-2.692308,17.523077,2
5,2000,0,68,11,0,7,44,43,87,-2.692308,17.523077,2
5,1995,0,174,27,1,9,61,52,113,-2.692308,17.523077,3
5,1996,1,50,7,1,6,85,64,149,-2.692308,17.523077,3
5,1998,1,35,10,0,7,77,60,137,-2.692308,17.523077,3
5,1999,0,93,17,0,7,60,55,115,-2.692308,17.523077,4
5,1996,2,67,8,1,10,111,99,210,-2.692308,17.523077,5
5,1997,0,137,15,0,9,56,54,110,-2.692308,17.523077,7
5,1998,2,48,6,0,11,99,87,186,-2.692308,17.523077,7
5,1999,2,46,5,0,9,92,86,178,-2.692308,17.523077,8
5,1995,2,74,6,0,11,106,94,200,-2.692308,17.523077,9
5,1997,2,73,12,1,10,96,97,193,-2.692308,17.523077,11
5,2000,2,66,4,0,9,98,89,187,-2.692308,17.523077,12
5,1995,3,349,34,2,14,126,126,252,-2.692308,17.523077,14
5,1996,3,431,17,2,14,129,124,253,-2.692308,17.523077,14
5,1997,3,356,29,0,14,131,122,253,-2.692308,17.523077,14
5,1998,3,429,30,1,14,122,123,245,-2.692308,17.523077,14
5,1999,3,329,18,1,14,129,120,249,-2.692308,17.523077,14
5,2000,3,311,16,1,14,124,115,239,-2.692308,17.523077,14
5,1996,4,712,46,4,41,387,345,732,-2.692308,17.523077,22
5,1998,4,631,69,1,40,348,325,673,-2.692308,17.523077,26
5,1995,4,628,75,3,40,380,331,711,-2.692308,17.523077,27
5,1999,4,488,46,1,36,346,319,665,-2.692308,17.523077,28
5,2000,4,458,36,1,33,323,307,630,-2.692308,17.523077,28
5,1997,4,601,66,1,38,361,336,697,-2.692308,17.523077,34
6,1995,1,31,4,0,4,27,23,50,-2.692308,17.523077,0
6,1996,0,40,6,0,3,15,19,34,-2.692308,17.523077,0
6,1996,1,14,2,0,2,30,23,53,-2.692308,17.523077,0
6,1997,1,21,5,1,1,28,22,50,-2.692308,17.523077,0
6,1998,0,40,6,0,4,23,19,42,-2.692308,17.523077,0
6,1998,1,15,9,0,1,27,28,55,-2.692308,17.523077,0
6,1999,1,15,6,0,1,22,21,43,-2.692308,17.523077,0
6,2000,0,28,5,0,1,16,16,32,-2.692308,17.523077,0
6,2000,1,15,3,0,2,26,23,49,-2.692308,17.523077,0
6,1995,0,46,10,0,2,19,18,37,-2.692308,17.523077,1
6,1998,2,23,7,2,4,33,36,69,-2.692308,17.523077,1
6,1999,0,26,9,0,3,21,16,37,-2.692308,17.523077,1
6,1995,2,14,3,1,2,35,33,68,-2.692308,17.523077,2
6,1997,0,43,6,0,3,21,23,44,-2.692308,17.523077,2
6,1999,2,24,3,1,2,37,34,71,-2.692308,17.523077,2
6,2000,2,24,2,0,4,35,34,69,-2.692308,17.523077,2
6,1995,3,107,13,1,4,38,37,75,-2.692308,17.523077,3
6,1996,2,23,3,1,4,35,35,70,-2.692308,17.523077,3
6,1997,2,27,4,0,4,38,35,73,-2.692308,17.523077,3
6,1996,3,125,15,0,4,37,37,74,-2.692308,17.523077,4
6,1997,3,122,19,1,4,41,36,77,-2.692308,17.523077,4
6,1998,3,121,7,2,4,38,38,76,-2.692308,17.523077,4
6,1999,3,129,15,1,4,39,38,77,-2.692308,17.523077,4
6,2000,3,95,10,0,4,39,36,75,-2.692308,17.523077,4
6,1998,4,199,29,4,13,121,121,242,-2.692308,17.523077,5
6,1995,4,198,30,2,12,119,111,230,-2.692308,17.523077,6
6,2000,4,162,20,0,11,116,109,225,-2.692308,17.523077,6
6,1996,4,202,26,1,13,117,114,231,-2.692308,17.523077,7
6,1999,4,194,33,2,10,119,109,228,-2.692308,17.523077,7
6,1997,4,213,34,2,12,128,116,244,-2.692308,17.523077,9
7,1996,1,8,1,0,2,37,28,65,-2.2,15.1,0
7,1997,0,38,2,0,3,24,16,40,-2.2,15.1,0
7,1998,0,26,5,0,5,16,17,33,-2.2,15.1,0
7,2000,0,8,1,0,1,14,11,25,-2.2,15.1,0
7,2000,1,8,2,0,1,30,20,50,-2.2,15.1,0
7,1995,1,16,5,1,4,40,34,74,-2.2,15.1,1
7,1995,2,13,4,0,3,50,42,92,-2.2,15.1,1
7,1996,0,25,8,0,4,23,24,47,-2.2,15.1,1
7,1997,1,14,3,0,4,42,19,61,-2.2,15.1,1
7,1998,1,4,1,0,0,27,19,46,-2.2,15.1,1
7,1999,0,32,4,0,5,22,18,40,-2.2,15.1,1
7,1999,1,10,3,0,2,37,19,56,-2.2,15.1,1
7,1998,2,21,2,1,3,51,41,92,-2.2,15.1,2
7,1995,0,60,15,1,6,34,31,65,-2.2,15.1,3
7,1997,2,28,12,0,6,50,42,92,-2.2,15.1,3
7,1999,2,28,59.724409,1,5,48,49,97,-2.2,15.1,3
7,1996,2,26,3,0,3,56,45,101,-2.2,15.1,4
7,2000,2,20,4,0,2,49,46,95,-2.2,15.1,4
7,1999,3,144,9,5,6,57,62,119,-2.2,15.1,7
7,1995,3,163,18,3,8,68,69,137,-2.2,15.1,8
7,1996,3,122,24,3,8,64,70,134,-2.2,15.1,8
7,1997,3,152,20,3,8,64,63,127,-2.2,15.1,8
7,1998,3,121,25,4,8,70,67,137,-2.2,15.1,8
7,2000,3,119,13,2,8,63,68,131,-2.2,15.1,8
7,1998,4,172,33,5,16,164,144,308,-2.2,15.1,11
7,1997,4,232,37,3,21,180,140,320,-2.2,15.1,12
7,1999,4,214,16,6,18,164,148,312,-2.2,15.1,12
7,2000,4,155,20,2,12,156,145,301,-2.2,15.1,12
7,1995,4,252,42,5,21,192,176,368,-2.2,15.1,13
7,1996,4,181,36,3,17,180,167,347,-2.2,15.1,13
8,1997,0,469,83,1,2,20,20,40,-2.4,17.7,1
8,1998,0,459,98,1,2,19,19,38,-2.4,17.7,1
8,1995,0,647,110,2,2,21,21,42,-2.4,17.7,2
8,1995,1,355,94,2,2,21,22,43,-2.4,17.7,2
8,1995,2,300,71,2,2,21,21,42,-2.4,17.7,2
8,1995,3,1107,127,2,2,21,21,42,-2.4,17.7,2
8,1996,0,516,94,2,2,21,21,42,-2.4,17.7,2
8,1996,1,304,118,1,2,21,22,43,-2.4,17.7,2
8,1996,2,341,63,2,2,21,22,43,-2.4,17.7,2
8,1996,3,1161,127,2,2,21,20,41,-2.4,17.7,2
8,1997,1,259,87,2,2,22,21,43,-2.4,17.7,2
8,1997,2,363,55,2,2,21,20,41,-2.4,17.7,2
8,1997,3,1267,121,2,2,21,20,41,-2.4,17.7,2
8,1998,1,257,70,2,2,22,21,43,-2.4,17.7,2
8,1998,2,339,57,2,2,23,20,43,-2.4,17.7,2
8,1998,3,1418,108,2,2,21,21,42,-2.4,17.7,2
8,1999,0,490,115,0,2,19,20,39,-2.4,17.7,2
8,1999,1,303,71,2,2,21,24,45,-2.4,17.7,2
8,1999,2,366,75,2,2,22,23,45,-2.4,17.7,2
8,1999,3,1327,91,2,2,21,21,42,-2.4,17.7,2
8,2000,0,330,118,0,2,20,20,40,-2.4,17.7,2
8,2000,1,194,65,2,2,21,23,44,-2.4,17.7,2
8,2000,2,264,57,2,2,22,20,42,-2.4,17.7,2
8,2000,3,1090,84,2,2,21,21,42,-2.4,17.7,2
8,1997,4,2358,346,7,8,84,81,165,-2.4,17.7,7
8,1998,4,2473,333,7,8,85,81,166,-2.4,17.7,7
8,1995,4,2409,402,8,8,84,85,169,-2.4,17.7,8
8,1996,4,2322,402,7,8,84,85,169,-2.4,17.7,8
8,1999,4,2486,352,6,8,83,88,171,-2.4,17.7,8
8,2000,4,1878,324,6,8,84,84,168,-2.4,17.7,8
9,1996,0,89,19,0,5,44,38,82,-2.692308,17.523077,0
9,1997,0,95,19,0,7,46,36,82,-2.692308,17.523077,0
9,1997,1,25,7,0,3,54,46,100,-2.692308,17.523077,0
9,1999,0,86,13,0,6,42,37,79,-2.692308,17.523077,0
9,2000,0,64,16,0,6,46,45,91,-2.692308,17.523077,0
9,1995,1,44,10,2,6,68,51,119,-2.692308,17.523077,1
9,1996,1,36,8,0,3,61,45,106,-2.692308,17.523077,1
9,1998,1,34,4,0,1,66,43,109,-2.692308,17.523077,1
9,2000,1,28,3,0,2,56,50,106,-2.692308,17.523077,1
9,1998,0,108,19,0,6,40,45,85,-2.692308,17.523077,2
9,1995,0,153,18,2,5,45,51,96,-2.692308,17.523077,3
9,1999,1,25,11,0,6,62,52,114,-2.692308,17.523077,3
9,2000,2,35,14,2,4,70,63,133,-2.692308,17.523077,4
9,1996,2,31,14,0,4,71,62,133,-2.692308,17.523077,6
9,1997,2,45,11,0,7,70,68,138,-2.692308,17.523077,6
9,1998,2,44,7,0,7,69,69,138,-2.692308,17.523077,7
9,1999,2,50,10,0,5,71,64,135,-2.692308,17.523077,7
9,1995,2,56,26,0,7,77,69,146,-2.692308,17.523077,8
9,1995,3,227,39,3,9,82,79,161,-2.692308,17.523077,8
9,1997,3,188,19,0,9,72,77,149,-2.692308,17.523077,8
9,1998,3,198,26,1,8,79,77,156,-2.692308,17.523077,8
9,1999,3,200,15,0,8,76,74,150,-2.692308,17.523077,8
9,2000,3,196,30,1,8,75,72,147,-2.692308,17.523077,8
9,1996,3,182,23,2,8,79,79,158,-2.692308,17.523077,9
9,2000,4,323,63,3,20,247,230,477,-2.692308,17.523077,13
9,1997,4,353,56,0,26,242,227,469,-2.692308,17.523077,14
9,1996,4,338,64,2,20,255,224,479,-2.692308,17.523077,16
9,1998,4,384,56,1,22,254,234,488,-2.692308,17.523077,18
9,1999,4,361,49,0,25,251,227,478,-2.692308,17.523077,18
9,1995,4,480,93,7,27,272,250,522,-2.692308,17.523077,20
10,1997,1,20,3,0,3,49,31,80,-2.692308,17.523077,0
10,1998,0,112,5,0,5,30,29,59,-2.692308,17.523077,0
10,1998,1,25,3,0,2,42,35,77,-2.692308,17.523077,0
10,1999,1,26,5,0,3,40,37,77,-2.692308,17.523077,0
10,2000,0,47,6,1,6,26,34,60,-2.692308,17.523077,0
10,1995,1,33,4,0,4,51,44,95,-2.692308,17.523077,1
10,1996,1,27,3,0,5,48,38,86,-2.692308,17.523077,1
10,1997,0,116,6,1,6,27,34,61,-2.692308,17.523077,1
10,2000,1,18,3,0,5,45,35,80,-2.692308,17.523077,1
10,1995,0,119,14,0,4,37,34,71,-2.692308,17.523077,2
10,1999,0,91,14,0,5,31,33,64,-2.692308,17.523077,2
10,1996,0,120,10,1,7,38,42,80,-2.692308,17.523077,3
10,1996,2,42,2,1,7,70,60,130,-2.692308,17.523077,4
10,2000,2,49,5,2,5,61,55,116,-2.692308,17.523077,4
10,1995,2,49,4,3,6,70,62,132,-2.692308,17.523077,5
10,1999,2,36,6,1,6,61,62,123,-2.692308,17.523077,5
10,1996,3,175,14,2,8,72,74,146,-2.692308,17.523077,7
10,1997,2,69,6,2,7,66,59,125,-2.692308,17.523077,7
10,1998,2,49,2,2,6,67,62,129,-2.692308,17.523077,7
10,1995,3,201,4,3,8,73,68,141,-2.692308,17.523077,8
10,1997,3,225,18,2,8,71,75,146,-2.692308,17.523077,8
10,1998,3,180,8,4,8,76,71,147,-2.692308,17.523077,8
10,1999,3,173,6,4,8,73,74,147,-2.692308,17.523077,8
10,2000,3,155,6,5,8,74,74,148,-2.692308,17.523077,8
10,2000,4,269,20,8,24,206,198,404,-2.692308,17.523077,13
10,1996,4,364,29,4,27,228,214,442,-2.692308,17.523077,15
10,1998,4,366,18,6,21,215,197,412,-2.692308,17.523077,15
10,1999,4,326,31,5,22,205,206,411,-2.692308,17.523077,15
10,1995,4,402,26,6,22,231,208,439,-2.692308,17.523077,16
10,1997,4,430,33,5,24,213,199,412,-2.692308,17.523077,16
11,1997,1,43,3,0,6,81,63,144,-2.692308,17.523077,0
11,1998,1,46,8,0,6,81,62,143,-2.692308,17.523077,0
11,1999,0,180,23,3,10,58,59,117,-2.692308,17.523077,0
11,2000,0,166,30,2,10,55,59,114,-2.692308,17.523077,0
11,1996,1,59,9,1,6,90,62,152,-2.692308,17.523077,1
11,1998,0,177,23,0,10,58,56,114,-2.692308,17.523077,1
11,2000,1,35,10,0,7,76,62,138,-2.692308,17.523077,1
11,1995,0,210,30,3,10,62,57,119,-2.692308,17.523077,2
11,1995,1,70,15,1,10,95,76,171,-2.692308,17.523077,2
11,1996,0,207,25,1,9,57,54,111,-2.692308,17.523077,2
11,1997,0,173,18,0,10,60,51,111,-2.692308,17.523077,2
11,1997,2,53,10,1,8,104,92,196,-2.692308,17.523077,3
11,1999,1,44,9,0,7,85,57,142,-2.692308,17.523077,3
11,1996,2,45,7,0,5,96,87,183,-2.692308,17.523077,6
11,1998,2,52,6,0,7,96,89,185,-2.692308,17.523077,6
11,1999,2,49,4,1,6,95,84,179,-2.692308,17.523077,6
11,1995,2,75,4,2,8,103,87,190,-2.692308,17.523077,7
11,2000,2,50,11,2,8,103,88,191,-2.692308,17.523077,7
11,1995,3,216,34,0,11,120,118,238,-2.692308,17.523077,12
11,1997,3,297,20,2,13,116,111,227,-2.692308,17.523077,12
11,1998,3,299,19,1,14,119,109,228,-2.692308,17.523077,12
11,1999,3,267,30,1,12,119,115,234,-2.692308,17.523077,12
11,2000,3,272,16,0,12,114,112,226,-2.692308,17.523077,12
11,1996,3,258,32,1,12,122,117,239,-2.692308,17.523077,13
11,1997,4,566,51,3,37,361,317,678,-2.692308,17.523077,17
11,1998,4,574,56,1,37,354,316,670,-2.692308,17.523077,19
11,2000,4,523,67,4,37,348,321,669,-2.692308,17.523077,20
11,1999,4,540,66,5,35,357,315,672,-2.692308,17.523077,21
11,1996,4,569,73,3,32,365,320,685,-2.692308,17.523077,22
11,1995,4,571,83,6,39,380,338,718,-2.692308,17.523077,23
12,1998,1,34,8,0,3,40,34,74,-2.7,18.7,0
12,1999,0,104,28,1,6,33,30,63,-2.7,18.7,0
12,1999,1,30,5,1,3,46,34,80,-2.7,18.7,0
12,2000,1,23,3,0,3,41,35,76,-2.7,18.7,0
12,1995,0,174,26,0,5,33,31,64,-2.7,18.7,1
12,1995,1,40,15,0,6,51,41,92,-2.7,18.7,1
12,1996,1,49,7,0,5,46,39,85,-2.7,18.7,1
12,1997,1,31,8,0,2,41,37,78,-2.7,18.7,1
12,2000,0,86,21,0,6,31,31,62,-2.7,18.7,1
12,1996,0,164,22,0,5,35,32,67,-2.7,18.7,2
12,1997,0,118,25,1,5,36,32,68,-2.7,18.7,2
12,1998,0,147,31,0,6,34,35,69,-2.7,18.7,2
12,1996,2,47,6,1,6,52,52,104,-2.7,18.7,3
12,1999,2,33,3,1,6,51,49,100,-2.7,18.7,3
12,1995,2,50,8,1,4,55,49,104,-2.7,18.7,4
12,2000,2,31,8,0,4,48,50,98,-2.7,18.7,4
12,1996,3,194,17,2,6,57,57,114,-2.7,18.7,5
12,1997,2,36,7,0,4,52,52,104,-2.7,18.7,5
12,1995,3,184,27,4,6,60,59,119,-2.7,18.7,6
12,1997,3,186,38,2,6,58,58,116,-2.7,18.7,6
12,1998,2,46,6,1,4,56,48,104,-2.7,18.7,6
12,1998,3,186,20,2,6,58,58,116,-2.7,18.7,6
12,1999,3,215,27,0,6,57,57,114,-2.7,18.7,6
12,2000,3,185,13,1,6,57,55,112,-2.7,18.7,6
12,1999,4,382,63,3,21,187,170,357,-2.7,18.7,9
12,1996,4,454,52,3,22,190,180,370,-2.7,18.7,11
12,2000,4,325,45,1,19,177,171,348,-2.7,18.7,11
12,1995,4,448,76,5,21,199,180,379,-2.7,18.7,12
12,1997,4,371,78,3,17,187,179,366,-2.7,18.7,14
12,1998,4,413,65,3,19,188,175,363,-2.7,18.7,14
13,1997,1,40,9,0,7,87,72,159,-4.3,17.8,0
13,1999,1,55,4,0,6,89,66,155,-4.3,17.8,0
13,1995,1,64,21,0,7,92,79,171,-4.3,17.8,1
13,1998,1,60,11,0,8,88,77,165,-4.3,17.8,1
13,2000,1,30,12,0,5,98,69,167,-4.3,17.8,1
13,1999,0,158,28,0,12,72,59,131,-4.3,17.8,2
13,1996,0,175,46,5,13,68,75,143,-4.3,17.8,3
13,1997,0,187,51,0,13,71,68,139,-4.3,17.8,3
13,1995,0,204,33,0,9,67,69,136,-4.3,17.8,4
13,1996,1,50,13,1,3,91,70,161,-4.3,17.8,4
13,1996,2,59,11,1,12,108,107,215,-4.3,17.8,5
13,1998,0,207,28,0,11,68,67,135,-4.3,17.8,5
13,2000,0,116,30,0,12,67,66,133,-4.3,17.8,5
13,1995,2,59,12,0,11,113,99,212,-4.3,17.8,6
13,1998,2,60,9,0,10,108,109,217,-4.3,17.8,7
13,1999,2,60,10,0,10,105,105,210,-4.3,17.8,7
13,2000,2,68,13,0,11,113,110,223,-4.3,17.8,8
13,1997,2,64,13,3,11,111,109,220,-4.3,17.8,9
13,1995,3,243,30,2,14,122,125,247,-4.3,17.8,12
13,1996,3,307,31,5,14,125,118,243,-4.3,17.8,13
13,1998,3,273,34,5,14,128,126,254,-4.3,17.8,13
13,2000,3,290,21,2,14,118,122,240,-4.3,17.8,13
13,1997,3,307,33,6,14,127,131,258,-4.3,17.8,14
13,1999,3,320,33,2,14,128,129,257,-4.3,17.8,14
13,1995,4,570,96,2,41,394,372,766,-4.3,17.8,23
13,1999,4,593,75,2,42,394,359,753,-4.3,17.8,23
13,1996,4,591,101,12,42,392,370,762,-4.3,17.8,25
13,1997,4,598,106,9,45,396,380,776,-4.3,17.8,26
13,1998,4,600,82,5,43,392,379,771,-4.3,17.8,26
13,2000,4,504,76,2,42,396,367,763,-4.3,17.8,27
14,1995,1,17,3,0,2,15,13,28,-2.692308,17.523077,0
14,1997,0,34,14,1,2,12,13,25,-2.692308,17.523077,0
14,1997,1,17,4,0,2,17,16,33,-2.692308,17.523077,0
14,1998,0,43,14,0,2,12,10,22,-2.692308,17.523077,0
14,1998,1,16,3,0,2,18,13,31,-2.692308,17.523077,0
14,1999,0,43,7,0,2,12,13,25,-2.692308,17.523077,0
14,2000,0,30,9,1,2,8,10,18,-2.692308,17.523077,0
14,2000,1,11,2,0,2,17,13,30,-2.692308,17.523077,0
14,1995,0,47,11,0,2,12,13,25,-2.692308,17.523077,1
14,1996,0,68,9,0,2,13,14,27,-2.692308,17.523077,1
14,1996,1,11,7,1,1,18,13,31,-2.692308,17.523077,1
14,1996,2,20,4,0,2,18,18,36,-2.692308,17.523077,1
14,1997,2,24,5,1,2,19,18,37,-2.692308,17.523077,1
14,1999,1,11,4,0,2,16,11,27,-2.692308,17.523077,1
14,1999,2,19,5,0,2,18,16,34,-2.692308,17.523077,1
14,1995,2,14,5,0,2,18,19,37,-2.692308,17.523077,2
14,1995,3,121,15,2,2,20,20,40,-2.692308,17.523077,2
14,1996,3,83,8,1,2,20,18,38,-2.692308,17.523077,2
14,1997,3,93,13,2,2,21,20,41,-2.692308,17.523077,2
14,1998,2,25,2,1,2,19,16,35,-2.692308,17.523077,2
14,1998,3,110,11,2,2,21,20,41,-2.692308,17.523077,2
14,1999,3,106,4,1,2,21,20,41,-2.692308,17.523077,2
14,2000,2,19,5,1,1,21,18,39,-2.692308,17.523077,2
14,2000,3,98,15,1,2,20,19,39,-2.692308,17.523077,2
14,1997,4,168,36,4,8,69,67,136,-2.692308,17.523077,3
14,1998,4,194,30,3,8,70,59,129,-2.692308,17.523077,4
14,1999,4,179,20,1,8,67,60,127,-2.692308,17.523077,4
14,2000,4,158,31,3,7,66,60,126,-2.692308,17.523077,4
14,1995,4,199,34,2,8,65,65,130,-2.692308,17.523077,5
14,1996,4,182,28,2,7,69,63,132,-2.692308,17.523077,5
15,1995,1,9,59.724409,0,2,28,19,47,-2.692308,17.523077,0
15,1996,1,7,6,0,1,30,21,51,-2.692308,17.523077,0
15,1996,2,16,1,0,3,33,23,56,-2.692308,17.523077,0
15,1997,0,21,3,0,3,18,17,35,-2.692308,17.523077,0
15,1997,1,5,2,0,1,27,18,45,-2.692308,17.523077,0
15,1998,1,11,1,0,2,25,15,40,-2.692308,17.523077,0
15,1999,0,18,4,0,2,12,16,28,-2.692308,17.523077,0
15,1999,1,10,1,0,0,23,14,37,-2.692308,17.523077,0
15,2000,1,11,59.724409,0,2,25,16,41,-2.692308,17.523077,0
15,2000,2,11,1,0,3,31,28,59,-2.692308,17.523077,0
15,1995,0,31,3,0,3,16,19,35,-2.692308,17.523077,1
15,1998,0,22,4,0,4,16,17,33,-2.692308,17.523077,1
15,1998,2,23,3,0,4,40,32,72,-2.692308,17.523077,1
15,2000,0,25,3,0,2,14,15,29,-2.692308,17.523077,1
15,1995,2,16,3,0,2,38,39,77,-2.692308,17.523077,2
15,1996,0,23,4,0,1,17,17,34,-2.692308,17.523077,2
15,1997,2,13,2,0,2,36,27,63,-2.692308,17.523077,2
15,1999,2,11,1,0,2,38,29,67,-2.692308,17.523077,2
15,1996,3,92,9,0,6,48,50,98,-2.692308,17.523077,5
15,1995,3,87,10,0,6,47,53,100,-2.692308,17.523077,6
15,1997,3,95,8,0,6,48,48,96,-2.692308,17.523077,6
15,1998,3,68,3,0,6,46,45,91,-2.692308,17.523077,6
15,1999,3,73,3,0,6,45,48,93,-2.692308,17.523077,6
15,2000,3,65,3,0,5,45,50,95,-2.692308,17.523077,6
15,1996,4,138,20,0,11,128,111,239,-2.692308,17.523077,7
15,2000,4,112,7,0,12,115,109,224,-2.692308,17.523077,7
15,1997,4,134,15,0,12,129,110,239,-2.692308,17.523077,8
15,1998,4,124,11,0,16,127,109,236,-2.692308,17.523077,8
15,1999,4,112,9,0,10,118,107,225,-2.692308,17.523077,8